City_ID,City,Lat,Lng,Max Temp,Humidity,Cloudiness,Wind Speed,Country,Date
0,Bethel,41.3712,-73.414,61.48,92,1,0.0,US,2021-09-25 04:31:49
1,Saint-Joseph,-21.3667,55.6167,74.21,77,15,14.5,RE,2021-09-25 04:32:35
2,Hilo,19.7297,-155.09,76.28,83,90,8.05,US,2021-09-25 04:28:02
3,Mehamn,71.0357,27.8492,45.01,92,99,8.32,NO,2021-09-25 04:32:36
4,Avarua,-21.2078,-159.775,75.25,64,97,9.22,CK,2021-09-25 04:32:36
5,Shimoda,34.6667,138.95,75.56,74,45,15.9,JP,2021-09-25 04:32:36
6,Hermanus,-34.4187,19.2345,52.9,78,100,5.03,ZA,2021-09-25 04:32:37
7,Cayenne,4.9333,-52.3333,82.09,82,20,1.01,GF,2021-09-25 04:32:37
8,Ushuaia,-54.8,-68.3,37.06,81,75,13.8,AR,2021-09-25 04:31:30
9,Carnarvon,-24.8667,113.6333,73.47,60,0,16.11,AU,2021-09-25 04:32:37
10,Tasiilaq,65.6145,-37.6368,25.72,71,89,8.99,GL,2021-09-25 04:32:38
11,Sungaipenuh,-2.0833,101.3833,77.76,72,67,1.03,ID,2021-09-25 04:32:38
12,High Level,58.5169,-117.136,44.71,93,40,2.3,CA,2021-09-25 04:32:38
13,Kurchum,48.5722,83.6542,46.33,39,25,6.26,KZ,2021-09-25 04:32:38
14,Senador Guiomard,-10.1522,-67.7392,71.35,43,76,1.99,BR,2021-09-25 04:32:39
15,Yellowknife,62.456,-114.3525,46.42,99,40,11.5,CA,2021-09-25 04:32:39
16,Upernavik,72.7868,-56.1549,20.64,81,40,5.55,GL,2021-09-25 04:32:39
17,Tura,25.5198,90.2201,88.88,62,7,2.1,IN,2021-09-25 04:32:39
18,Port Alfred,-33.5906,26.891,60.66,76,73,10.47,ZA,2021-09-25 04:32:40
19,Barrow,71.2906,-156.7887,30.22,86,90,8.05,US,2021-09-25 04:30:04
20,Waingapu,-9.6567,120.2641,85.55,51,19,12.33,ID,2021-09-25 04:32:40
21,Monrovia,6.3005,-10.7969,74.97,86,96,7.0,LR,2021-09-25 04:32:40
22,Port Elizabeth,-33.918,25.5701,52.09,87,0,5.75,ZA,2021-09-25 04:32:41
23,Mataura,-46.1927,168.8643,45.48,74,72,10.02,NZ,2021-09-25 04:32:41
24,Saskylakh,71.9167,114.0833,34.47,84,100,15.84,RU,2021-09-25 04:32:41
25,Skelleftea,64.7507,20.9528,43.16,69,98,4.61,SE,2021-09-25 04:32:41
26,Komsomolskiy,40.4272,71.7189,74.12,28,0,0.0,UZ,2021-09-25 04:32:42
27,Sobolevo,54.4299,31.8996,45.14,97,100,6.29,RU,2021-09-25 04:32:42
28,Raudeberg,61.9875,5.1352,49.19,95,90,4.0,NO,2021-09-25 04:32:42
29,Beringovskiy,63.05,179.3167,33.21,84,100,21.09,RU,2021-09-25 04:32:43
30,Matale,7.4721,80.6234,83.75,62,82,7.0,LK,2021-09-25 04:32:43
31,Provideniya,64.3833,-173.3,32.56,91,100,14.79,RU,2021-09-25 04:32:43
32,Esmeraldas,-19.7625,-44.3139,66.51,65,81,7.74,BR,2021-09-25 04:32:43
33,Rikitea,-23.1203,-134.9692,73.63,78,100,12.44,PF,2021-09-25 04:32:44
34,Gat,31.61,34.7642,71.4,57,96,3.2,IL,2021-09-25 04:29:02
35,Punta Arenas,-53.15,-70.9167,37.51,87,20,11.5,CL,2021-09-25 04:30:35
36,Brae,60.3964,-1.353,51.71,78,86,5.93,GB,2021-09-25 04:32:44
37,West Lafayette,40.4259,-86.9081,67.1,58,1,6.91,US,2021-09-25 04:28:35
38,Missoula,47.0166,-113.8009,50.56,67,18,1.25,US,2021-09-25 04:32:44
39,Busselton,-33.65,115.3333,64.04,55,6,15.46,AU,2021-09-25 04:28:27
40,Cape Town,-33.9258,18.4232,53.11,91,0,10.36,ZA,2021-09-25 04:29:03
41,Mahebourg,-20.4081,57.7,75.25,78,75,16.11,MU,2021-09-25 04:32:45
42,Cherskiy,68.75,161.3,35.98,93,100,16.64,RU,2021-09-25 04:32:45
43,Virginia Beach,36.8529,-75.978,69.82,75,75,0.0,US,2021-09-25 04:32:35
44,Kazachinskoye,57.6953,93.2761,39.07,87,100,6.42,RU,2021-09-25 04:32:45
45,Qaanaaq,77.484,-69.3632,16.39,67,28,8.75,GL,2021-09-25 04:32:46
46,Khatanga,71.9667,102.5,35.49,66,100,11.97,RU,2021-09-25 04:32:46
47,Bang Saphan,11.2126,99.5117,82.35,90,100,4.97,TH,2021-09-25 04:32:46
48,Praya,14.9215,-23.5087,77.54,83,20,8.05,CV,2021-09-25 04:32:46
49,Dapaong,10.8639,0.205,72.27,86,95,6.29,TG,2021-09-25 04:32:47
50,Severo-Kurilsk,50.6789,156.125,47.82,93,100,28.54,RU,2021-09-25 04:32:17
51,Luderitz,-26.6481,15.1594,58.01,67,22,11.27,NA,2021-09-25 04:32:47
52,Chulman,56.8479,124.9104,47.17,72,100,2.73,RU,2021-09-25 04:32:47
53,Port Hardy,50.6996,-127.4199,53.6,93,75,4.61,CA,2021-09-25 04:32:48
54,Norman Wells,65.282,-126.8329,35.64,93,90,10.36,CA,2021-09-25 04:32:48
55,Bijar,35.8668,47.6051,61.09,44,0,10.47,IR,2021-09-25 04:32:48
56,Rawson,-43.3002,-65.1023,65.66,49,18,30.65,AR,2021-09-25 04:32:49
57,Costinesti,43.95,28.6333,61.02,66,100,6.49,RO,2021-09-25 04:32:49
58,Grindavik,63.8424,-22.4338,40.95,81,90,11.5,IS,2021-09-25 04:29:14
59,Kaitangata,-46.2817,169.8464,50.9,61,82,15.77,NZ,2021-09-25 04:32:49
60,Bredasdorp,-34.5322,20.0403,43.92,93,99,5.75,ZA,2021-09-25 04:32:50
61,Hithadhoo,-0.6,73.0833,83.08,73,98,13.06,MV,2021-09-25 04:29:34
62,Makakilo City,21.3469,-158.0858,79.12,73,75,8.05,US,2021-09-25 04:32:50
63,Vestmannaeyjar,63.4427,-20.2734,43.36,81,78,18.25,IS,2021-09-25 04:32:50
64,Kavaratti,10.5669,72.642,82.24,77,92,14.54,IN,2021-09-25 04:32:50
65,East London,-33.0153,27.9116,52.74,87,0,5.75,ZA,2021-09-25 04:32:51
66,Huarmey,-10.0681,-78.1522,63.27,86,73,7.23,PE,2021-09-25 04:32:51
67,Scarborough,54.2797,-0.4044,63.54,87,100,4.97,GB,2021-09-25 04:28:16
68,Marsh Harbour,26.5412,-77.0636,82.62,72,60,5.06,BS,2021-09-25 04:32:52
69,Vaini,-21.2,-175.2,73.56,73,20,12.66,TO,2021-09-25 04:32:52
70,Shingu,33.7333,135.9833,81.59,69,28,9.86,JP,2021-09-25 04:32:52
71,Guerrero Negro,27.9769,-114.0611,71.31,80,100,14.23,MX,2021-09-25 04:32:50
72,Guamuchil,25.4667,-108.1,83.75,82,11,1.54,MX,2021-09-25 04:32:52
73,Saint-Pierre,-21.3393,55.4781,75.29,66,0,2.3,RE,2021-09-25 04:32:53
74,Tanza,14.6753,120.9389,89.65,61,51,4.0,PH,2021-09-25 04:32:53
75,Porto Velho,-8.7619,-63.9039,73.45,94,100,5.75,BR,2021-09-25 04:32:53
76,Jos,9.9167,8.9,65.5,75,76,1.97,NG,2021-09-25 04:32:54
77,Saint-Philippe,-21.3585,55.7679,75.22,83,25,17.09,RE,2021-09-25 04:32:54
78,Pemberton,50.3164,-122.8027,55.26,88,74,3.78,CA,2021-09-25 04:30:10
79,Atuona,-9.8,-139.0333,77.7,81,83,16.55,PF,2021-09-25 04:32:54
80,Atasu,48.6814,71.6433,53.69,20,0,7.74,KZ,2021-09-25 04:32:55
81,Nemuro,43.3236,145.575,59.43,62,1,14.58,JP,2021-09-25 04:32:55
82,Iqaluit,63.7506,-68.5145,24.53,93,20,6.91,CA,2021-09-25 04:32:55
83,Nikolskoye,59.7035,30.7861,46.87,97,100,7.85,RU,2021-09-25 04:32:56
84,The Valley,18.217,-63.0578,82.26,76,12,9.08,AI,2021-09-25 04:32:56
85,Kapaa,22.0752,-159.319,80.58,81,90,4.0,US,2021-09-25 04:32:56
86,Dikson,73.5069,80.5464,36.21,90,100,18.41,RU,2021-09-25 04:32:56
87,Acapulco,16.8634,-99.8901,80.33,86,100,3.11,MX,2021-09-25 04:32:57
88,Torbay,47.6666,-52.7314,46.58,85,75,6.91,CA,2021-09-25 04:32:57
89,Axim,4.8699,-2.2405,76.55,92,100,7.52,GH,2021-09-25 04:32:57
90,Puerto Ayora,-0.7393,-90.3518,69.48,89,86,5.5,EC,2021-09-25 04:31:17
91,Nome,64.5011,-165.4064,42.87,82,90,10.36,US,2021-09-25 04:32:58
92,Te Anau,-45.4167,167.7167,42.69,90,96,6.93,NZ,2021-09-25 04:32:58
93,Ahipara,-35.1667,173.1667,59.11,75,6,7.38,NZ,2021-09-25 04:32:58
94,Mokhsogollokh,61.4681,128.9203,47.14,48,17,10.47,RU,2021-09-25 04:32:58
95,Chokurdakh,70.6333,147.9167,33.53,97,100,16.98,RU,2021-09-25 04:32:59
96,Kargil,34.5667,76.1,56.64,37,15,1.1,IN,2021-09-25 04:32:59
97,Grand Gaube,-20.0064,57.6608,75.38,67,25,8.99,MU,2021-09-25 04:32:59
98,Adrar,20.5022,-10.0711,85.03,42,73,13.33,MR,2021-09-25 04:33:00
99,Charters Towers,-20.1,146.2667,86.95,24,1,2.95,AU,2021-09-25 04:33:00
100,Salisbury,51.0693,-1.7957,63.64,89,90,2.3,GB,2021-09-25 04:30:13
101,Albion,42.2431,-84.753,64.35,64,90,9.22,US,2021-09-25 04:33:00
102,Hobart,-42.8794,147.3294,48.06,76,40,1.01,AU,2021-09-25 04:30:11
103,Bluff,-46.6,168.3333,45.81,75,76,27.13,NZ,2021-09-25 04:33:00
104,Asfi,32.2994,-9.2372,65.61,79,0,4.68,MA,2021-09-25 04:33:01
105,Malpura,26.2833,75.3833,85.24,67,84,6.24,IN,2021-09-25 04:33:01
106,Newcastleton,55.1796,-2.8127,58.24,99,88,5.5,GB,2021-09-25 04:33:01
107,Isabela,6.7085,121.9711,86.05,77,90,3.29,PH,2021-09-25 04:33:02
108,Havre-Saint-Pierre,50.2334,-63.5986,52.16,100,90,16.11,CA,2021-09-25 04:33:02
109,Delta Del Tigre,-34.7633,-56.3853,57.31,97,21,5.75,UY,2021-09-25 04:33:02
110,Holt,42.6406,-84.5153,64.13,71,40,3.44,US,2021-09-25 04:29:03
111,Port Lavaca,28.615,-96.6261,73.45,77,1,3.44,US,2021-09-25 04:33:03
112,Butaritari,3.0707,172.7902,83.98,72,5,10.22,KI,2021-09-25 04:33:03
113,Baykit,61.67,96.37,41.11,68,92,5.12,RU,2021-09-25 04:32:17
114,Katsuura,35.1333,140.3,79.11,80,62,17.25,JP,2021-09-25 04:33:03
115,Roald,62.5833,6.1333,52.9,81,75,13.8,NO,2021-09-25 04:33:04
116,Sao Felix Do Xingu,-6.6447,-51.995,74.88,70,64,0.69,BR,2021-09-25 04:33:04
117,Bathsheba,13.2167,-59.5167,81.21,83,75,1.14,BB,2021-09-25 04:33:04
118,Rio Tercero,-32.173,-64.1141,48.49,52,0,6.93,AR,2021-09-25 04:33:05
119,Corinto,37.9407,22.9573,66.69,57,19,5.64,GR,2021-09-25 04:33:05
120,Chuy,-33.6971,-53.4616,55.54,97,51,5.61,UY,2021-09-25 04:33:05
121,Galeana,24.8333,-100.0667,60.31,94,70,0.67,MX,2021-09-25 04:30:54
122,Geraldton,-28.7667,114.6,72.01,43,0,10.36,AU,2021-09-25 04:31:20
123,Port Moresby,-9.4431,147.1797,89.02,62,40,9.22,PG,2021-09-25 04:29:34
124,Cody,44.5263,-109.0565,59.2,48,1,0.0,US,2021-09-25 04:33:06
125,Valparaiso,-33.0393,-71.6273,56.48,84,90,6.91,CL,2021-09-25 04:33:06
126,Georgetown,5.4112,100.3354,87.75,70,40,5.99,MY,2021-09-25 04:31:57
127,Jhalida,23.3667,85.9667,86.54,63,1,3.67,IN,2021-09-25 04:33:07
128,Airai,-8.9266,125.4092,75.11,46,49,1.95,TL,2021-09-25 04:33:07
129,Tilichiki,60.4667,166.1,45.46,46,53,3.04,RU,2021-09-25 04:33:07
130,Nanortalik,60.1432,-45.2371,36.41,62,0,7.34,GL,2021-09-25 04:33:07
131,Anadyr,64.75,177.4833,30.7,74,20,6.71,RU,2021-09-25 04:33:08
132,Lucea,18.451,-78.1736,80.46,80,19,5.03,JM,2021-09-25 04:33:08
133,Mongar,27.2747,91.2396,77.34,54,8,6.35,BT,2021-09-25 04:33:08
134,Rio Grande,-32.035,-52.0986,57.94,89,72,9.6,BR,2021-09-25 04:33:09
135,Broken Hill,-31.95,141.4333,60.51,36,3,12.66,AU,2021-09-25 04:33:09
136,Klaksvik,62.2266,-6.589,47.32,79,100,15.17,FO,2021-09-25 04:33:09
137,Egvekinot,66.3167,-179.1667,20.95,79,57,9.46,RU,2021-09-25 04:33:10
138,Qaqortoq,60.7167,-46.0333,32.5,43,0,3.94,GL,2021-09-25 04:33:10
139,Jamestown,42.097,-79.2353,58.71,94,1,4.61,US,2021-09-25 04:33:10
140,Ilulissat,69.2167,-51.1,21.22,68,75,3.44,GL,2021-09-25 04:33:10
141,Albany,42.6001,-73.9662,54.54,91,0,1.83,US,2021-09-25 04:33:11
142,New Norfolk,-42.7826,147.0587,47.71,59,78,5.99,AU,2021-09-25 04:33:11
143,Ulcinj,41.9294,19.2244,57.42,70,0,4.94,ME,2021-09-25 04:33:11
144,Mar Del Plata,-38.0023,-57.5575,54.12,48,1,0.0,AR,2021-09-25 04:31:30
145,Pinega,64.7001,43.3936,46.45,96,100,7.07,RU,2021-09-25 04:33:12
146,Angol,-37.8,-72.7167,48.88,87,0,1.92,CL,2021-09-25 04:33:12
147,Izumo,35.3667,132.7667,78.69,61,75,17.27,JP,2021-09-25 04:33:12
148,Goure,13.9835,10.2704,78.03,23,83,2.28,NE,2021-09-25 04:33:13
149,Lasa,46.6166,10.7002,60.26,66,0,2.19,IT,2021-09-25 04:33:13
150,Huesca,42.1362,-0.4087,66.11,95,0,3.44,ES,2021-09-25 04:33:13
151,Celestun,20.8667,-90.4,78.64,83,60,7.2,MX,2021-09-25 04:33:14
152,Kodiak,57.79,-152.4072,42.31,39,1,5.75,US,2021-09-25 04:33:14
153,Kisangani,0.5167,25.2,69.04,92,100,0.2,CD,2021-09-25 04:33:14
154,Saint-Georges,12.0564,-61.7485,80.28,89,20,0.0,GD,2021-09-25 04:33:14
155,College,64.8569,-147.8028,34.59,91,90,3.44,US,2021-09-25 04:33:15
156,Comodoro Rivadavia,-45.8667,-67.5,55.26,58,0,8.05,AR,2021-09-25 04:30:01
157,Kandrian,-6.2167,149.55,84.06,72,40,11.74,PG,2021-09-25 04:33:15
158,Nha Trang,12.25,109.1833,86.0,85,100,5.77,VN,2021-09-25 04:33:15
159,Estelle,29.8458,-90.1067,69.8,75,3,3.0,US,2021-09-25 04:33:16
160,Matara,5.9485,80.5353,83.05,73,93,13.82,LK,2021-09-25 04:33:16
161,Tuktoyaktuk,69.4541,-133.0374,33.8,93,90,21.85,CA,2021-09-25 04:33:16
162,Ponta Do Sol,32.6667,-17.1,68.72,70,2,1.41,PT,2021-09-25 04:33:17
163,Kahului,20.8947,-156.47,80.62,72,40,17.27,US,2021-09-25 04:31:22
164,Faya,18.3851,42.4509,61.32,40,100,4.03,SA,2021-09-25 04:33:17
165,Bilibino,68.0546,166.4372,29.23,95,100,6.69,RU,2021-09-25 04:33:17
166,Ekuvukeni,-28.4675,30.1551,63.77,56,34,1.95,ZA,2021-09-25 04:33:18
167,Belvedere Marittimo,39.6179,15.8617,73.94,41,0,3.91,IT,2021-09-25 04:33:18
168,Ust-Maya,60.4167,134.5333,45.48,61,97,6.11,RU,2021-09-25 04:33:18
169,Graham,47.0529,-122.2943,63.72,81,1,0.0,US,2021-09-25 04:33:18
170,Challans,46.8436,-1.8749,55.6,64,63,8.03,FR,2021-09-25 04:33:19
171,Angermunde,53.015,13.9992,63.05,86,100,11.36,DE,2021-09-25 04:33:19
172,Victoria,22.2855,114.1577,92.97,73,33,7.0,HK,2021-09-25 04:30:11
173,Deputatskiy,69.3,139.9,30.36,68,99,14.81,RU,2021-09-25 04:33:19
174,Saldanha,-33.0117,17.9442,41.05,85,98,2.39,ZA,2021-09-25 04:33:20
175,Okhotsk,59.3833,143.3,57.2,50,45,4.03,RU,2021-09-25 04:33:20
176,Ancud,-41.8697,-73.8203,50.43,90,100,15.23,CL,2021-09-25 04:31:35
177,Yulara,-25.2406,130.9889,84.04,7,93,11.5,AU,2021-09-25 04:33:20
178,Anyama,5.4946,-4.0518,76.01,92,100,3.94,CI,2021-09-25 04:33:20
179,Naze,28.3667,129.4833,85.12,80,28,14.27,JP,2021-09-25 04:33:21
180,Santa Maria,-29.6842,-53.8069,56.57,79,81,3.18,BR,2021-09-25 04:33:21
181,Souillac,-20.5167,57.5167,75.36,78,75,16.11,MU,2021-09-25 04:33:21
182,Upata,8.0086,-62.3989,70.83,95,44,2.19,VE,2021-09-25 04:33:22
183,Leh,34.1667,77.5833,57.11,36,51,3.02,IN,2021-09-25 04:33:22
184,Barranca,-10.75,-77.7667,61.3,86,65,6.02,PE,2021-09-25 04:33:22
185,Bilma,18.6853,12.9164,80.85,15,31,9.31,NE,2021-09-25 04:33:22
186,Pangody,65.85,74.4859,38.73,66,9,10.85,RU,2021-09-25 04:33:23
187,Miri,4.4148,114.0089,93.34,59,40,5.75,MY,2021-09-25 04:33:23
188,Mattru,7.6244,-11.8332,73.33,98,100,2.62,SL,2021-09-25 04:33:23
189,Sola,-13.8833,167.55,79.12,79,65,15.43,VU,2021-09-25 04:33:24
190,Lata,40.1629,-8.3327,61.21,93,83,5.73,PT,2021-09-25 04:33:24
191,Tamiahua,21.2667,-97.45,74.84,76,29,1.9,MX,2021-09-25 04:33:24
192,Ikalamavony,-21.15,46.5833,68.79,56,19,9.8,MG,2021-09-25 04:33:25
193,Igarka,67.4667,86.5833,41.18,55,11,8.43,RU,2021-09-25 04:33:25
194,Kavieng,-2.5744,150.7967,83.55,74,20,12.01,PG,2021-09-25 04:33:25
195,Porto Novo,6.4965,2.6036,76.82,91,100,3.33,BJ,2021-09-25 04:33:25
196,Araouane,18.9048,-3.5265,88.65,33,47,7.14,ML,2021-09-25 04:33:26
197,Constitucion,-35.3333,-72.4167,53.47,93,26,4.38,CL,2021-09-25 04:33:26
198,Aberfoyle,-30.2667,152.0167,64.35,28,100,11.25,AU,2021-09-25 04:33:26
199,Berlevag,70.8578,29.0864,46.11,91,100,9.95,NO,2021-09-25 04:33:27
200,Thompson,55.7435,-97.8558,42.96,93,90,8.05,CA,2021-09-25 04:30:09
201,Marzuq,14.4,46.4667,80.38,35,89,1.01,YE,2021-09-25 04:33:27
202,Gilgit,35.9221,74.3087,78.49,37,0,1.25,PK,2021-09-25 04:33:27
203,Faanui,-16.4833,-151.75,77.77,65,1,2.86,PF,2021-09-25 04:33:28
204,Kamenka,51.3223,42.7678,48.85,73,83,5.73,RU,2021-09-25 04:33:28
205,Jerome,42.7241,-114.5186,58.03,58,1,0.0,US,2021-09-25 04:33:28
206,Esperance,-33.8667,121.9,62.44,49,77,15.86,AU,2021-09-25 04:33:29
207,Buraydah,26.326,43.975,79.25,19,23,11.59,SA,2021-09-25 04:33:29
208,Karla,59.3723,24.9275,47.14,87,75,9.22,EE,2021-09-25 04:33:29
209,Pyay,18.8167,95.2167,83.48,80,100,2.57,MM,2021-09-25 04:33:29
210,Islamkot,24.6997,70.177,88.68,62,24,10.49,PK,2021-09-25 04:33:30
211,Sartana,47.1744,37.6927,50.86,25,24,10.36,UA,2021-09-25 04:33:30
212,Dzhebariki-Khaya,62.2167,135.8,43.03,85,100,6.35,RU,2021-09-25 04:33:30
213,Urrao,6.3152,-76.1342,57.65,96,99,0.27,CO,2021-09-25 04:33:30
214,Cidreira,-30.1811,-50.2056,58.95,87,33,3.18,BR,2021-09-25 04:33:31
215,Ituporanga,-27.4144,-49.6025,61.02,93,89,1.79,BR,2021-09-25 04:33:31
216,Meulaboh,4.1363,96.1285,85.8,65,41,6.64,ID,2021-09-25 04:33:31
217,Valleyview,55.0667,-117.2859,60.84,36,100,4.61,CA,2021-09-25 04:33:32
218,Buala,-8.145,159.5921,84.88,70,47,6.06,SB,2021-09-25 04:33:32
219,Arraial Do Cabo,-22.9661,-42.0278,69.13,80,58,24.67,BR,2021-09-25 04:33:32
220,Kanniyakumari,8.0833,77.5667,85.05,68,100,22.64,IN,2021-09-25 04:33:33
221,Sao Jose Da Coroa Grande,-8.8978,-35.1478,74.59,87,17,8.9,BR,2021-09-25 04:33:33
222,Buzmeyin,38.0507,58.2056,78.53,36,0,13.8,TM,2021-09-25 04:33:34
223,Isangel,-19.55,169.2667,75.31,73,75,6.91,VU,2021-09-25 04:33:34
224,Harper,4.375,-7.7169,76.8,89,93,7.58,LR,2021-09-25 04:33:34
225,Clyde River,70.4692,-68.5914,26.44,69,24,3.27,CA,2021-09-25 04:33:34
226,Bambous Virieux,-20.3428,57.7575,75.22,78,75,16.11,MU,2021-09-25 04:33:35
227,Veraval,20.9,70.3667,82.67,75,88,9.82,IN,2021-09-25 04:33:35
228,Taltal,-25.4,-70.4833,55.65,85,12,1.03,CL,2021-09-25 04:33:35
229,Cabo San Lucas,22.8909,-109.9124,83.61,82,0,8.48,MX,2021-09-25 04:33:36
230,Saint George,37.1041,-113.5841,81.95,19,1,1.99,US,2021-09-25 04:33:36
231,Mount Isa,-20.7333,139.5,91.17,11,81,5.75,AU,2021-09-25 04:31:04
232,Palivere,58.9664,23.8911,48.67,92,100,3.67,EE,2021-09-25 04:33:36
233,Necochea,-38.5473,-58.7368,50.04,92,0,11.34,AR,2021-09-25 04:33:37
234,Azul,-36.777,-59.8585,53.35,96,2,7.56,AR,2021-09-25 04:30:06
235,Sarnia,42.9787,-82.4041,62.89,78,1,4.0,CA,2021-09-25 04:33:37
236,Luanda,-8.8368,13.2343,71.6,88,20,2.3,AO,2021-09-25 04:29:38
237,Ayagoz,47.9714,80.4392,47.05,28,6,9.53,KZ,2021-09-25 04:33:38
238,Banjar,-8.19,114.9675,84.06,70,39,3.56,ID,2021-09-25 04:33:38
239,Saint-Augustin,51.226,-58.6502,45.93,88,41,6.91,CA,2021-09-25 04:33:38
240,Amuntai,-2.4177,115.2494,89.28,56,87,0.83,ID,2021-09-25 04:33:39
241,Jiayuguan,39.8167,98.3,59.52,35,29,7.31,CN,2021-09-25 04:33:39
242,Jalu,29.0331,21.5482,67.71,55,0,7.78,LY,2021-09-25 04:33:39
243,Antigonish,45.6169,-61.9986,63.82,94,99,6.38,CA,2021-09-25 04:29:22
244,Qixia,37.2975,120.8256,68.36,79,100,9.26,CN,2021-09-25 04:33:40
245,Tynda,55.1667,124.7167,57.76,59,52,1.23,RU,2021-09-25 04:33:40
246,Matamoros,25.5333,-103.25,82.51,34,40,11.5,MX,2021-09-25 04:33:40
247,Okha,53.5739,142.9478,60.78,49,5,11.05,RU,2021-09-25 04:33:40
248,Nicoya,10.1483,-85.452,71.15,91,99,1.14,CR,2021-09-25 04:33:41
249,Srednekolymsk,67.45,153.6833,43.56,55,100,12.06,RU,2021-09-25 04:33:41
250,Kyabe,9.4515,18.9449,70.88,98,99,4.9,TD,2021-09-25 04:33:41
251,Maningrida,-12.0667,134.2667,88.56,49,36,13.89,AU,2021-09-25 04:33:41
252,Hohhot,40.8106,111.6522,73.69,49,75,4.47,CN,2021-09-25 04:33:42
253,Port-Cartier,50.0334,-66.8654,52.75,98,100,16.78,CA,2021-09-25 04:33:42
254,Nador,35.174,-2.9287,71.67,83,75,10.36,MA,2021-09-25 04:33:42
255,Waspan,14.7419,-83.9717,73.62,96,25,1.79,NI,2021-09-25 04:33:43
256,Bengkulu,-3.8004,102.2655,84.04,71,75,7.34,ID,2021-09-25 04:33:43
257,Lusaka,-15.4067,28.2871,65.86,48,0,10.89,ZM,2021-09-25 04:33:43
258,Carutapera,-1.195,-46.02,78.01,84,94,7.45,BR,2021-09-25 04:33:44
259,Eyl,7.9803,49.8164,82.04,62,61,16.8,SO,2021-09-25 04:33:44
260,Qeshm,26.9581,56.2719,87.69,67,4,6.13,IR,2021-09-25 04:33:44
261,La Rioja,42.25,-2.5,56.48,91,7,6.4,ES,2021-09-25 04:33:44
262,Dingle,10.9995,122.6711,88.14,67,74,6.44,PH,2021-09-25 04:33:45
263,Kuala Terengganu,5.3302,103.1408,89.55,62,40,5.75,MY,2021-09-25 04:33:45
264,Inirida,3.8653,-67.9239,71.78,97,100,2.51,CO,2021-09-25 04:33:45
265,Balkanabat,39.5108,54.3671,76.5,50,0,2.73,TM,2021-09-25 04:33:46
266,Emba,48.8264,58.1442,63.84,19,10,21.25,KZ,2021-09-25 04:33:46
267,Dzilam Gonzalez,21.2833,-88.9333,76.06,89,88,3.56,MX,2021-09-25 04:33:47
268,Alofi,-19.0595,-169.9187,73.29,83,54,11.5,NU,2021-09-25 04:33:47
269,Evensk,61.95,159.2333,46.56,77,15,6.85,RU,2021-09-25 04:33:47
270,Le Mars,42.7942,-96.1656,51.73,61,1,0.0,US,2021-09-25 04:33:48
271,Aquiraz,-3.9014,-38.3911,83.21,66,29,13.69,BR,2021-09-25 04:33:48
272,Pacific Grove,36.6177,-121.9166,64.15,92,90,1.01,US,2021-09-25 04:33:48
273,Merida,20.9667,-89.6167,80.02,94,75,0.0,MX,2021-09-25 04:33:48
274,Troitskoye,52.9821,84.6757,39.6,73,100,13.62,RU,2021-09-25 04:33:49
275,Kenai,60.5544,-151.2583,39.15,90,90,6.91,US,2021-09-25 04:33:49
276,Bartica,6.4,-58.6167,75.52,98,49,2.01,GY,2021-09-25 04:33:49
277,Talnakh,69.4865,88.3972,39.4,54,36,0.11,RU,2021-09-25 04:33:49
278,Avera,33.194,-82.5271,60.46,60,0,4.29,US,2021-09-25 04:33:50
279,Ust-Ilimsk,58.0006,102.6619,45.79,47,18,4.41,RU,2021-09-25 04:33:50
280,Minggang,32.4586,114.0486,84.81,70,71,5.64,CN,2021-09-25 04:33:50
281,Oksfjord,70.2396,22.3479,45.52,91,100,8.68,NO,2021-09-25 04:33:51
282,Bushenyi,-0.5853,30.2114,62.26,87,92,1.07,UG,2021-09-25 04:33:51
283,Fuyang,32.9,115.8167,85.95,66,67,8.03,CN,2021-09-25 04:33:51
284,Sechura,-5.5569,-80.8222,63.95,84,42,11.81,PE,2021-09-25 04:33:52
285,Margate,51.3813,1.3862,61.03,95,27,8.41,GB,2021-09-25 04:33:52
286,Porto Torres,40.835,8.3972,76.1,71,87,5.03,IT,2021-09-25 04:33:52
287,Petropavlovsk-Kamchatskiy,53.0452,158.6483,54.19,62,75,11.18,RU,2021-09-25 04:32:18
288,Flin Flon,54.7682,-101.865,44.92,77,100,2.21,CA,2021-09-25 04:33:53
289,Carballo,43.213,-8.691,61.52,94,80,3.98,ES,2021-09-25 04:33:53
290,Kirakira,-10.4544,161.9205,83.53,75,88,10.07,SB,2021-09-25 04:33:53
291,Luangwa,-15.6167,30.4167,73.13,53,0,5.84,ZM,2021-09-25 04:33:54
292,Madingou,-4.1536,13.55,76.62,78,88,2.73,CG,2021-09-25 04:33:54
293,Strezhevoy,60.7333,77.5889,35.58,78,98,12.15,RU,2021-09-25 04:33:54
294,Alice Springs,-23.7,133.8833,81.95,8,79,8.05,AU,2021-09-25 04:33:55
295,Zarand,30.8127,56.564,81.64,13,0,3.67,IR,2021-09-25 04:33:55
296,Savannah Bight,16.45,-85.85,80.01,68,40,12.95,HN,2021-09-25 04:33:55
297,Teahupoo,-17.8333,-149.2667,74.53,66,6,1.21,PF,2021-09-25 04:33:55
298,Boende,-0.2167,20.8667,70.2,97,99,1.21,CD,2021-09-25 04:33:56
299,Half Moon Bay,37.4636,-122.4286,70.39,87,90,1.99,US,2021-09-25 04:33:56
300,Salinopolis,-0.6136,-47.3561,78.78,83,44,9.98,BR,2021-09-25 04:31:31
301,Rassvet,46.8333,40.75,53.46,100,100,10.07,RU,2021-09-25 04:33:57
302,Saint-Leu,-21.15,55.2833,74.68,69,9,4.59,RE,2021-09-25 04:33:57
303,Vao,-22.6667,167.4833,68.86,67,19,10.33,NC,2021-09-25 04:33:58
304,San Lazaro,18.0387,-88.6622,73.24,95,100,1.52,BZ,2021-09-25 04:33:58
305,Balotra,25.8333,72.2333,90.34,56,66,10.56,IN,2021-09-25 04:33:58
306,Baihar,22.1,80.55,83.46,73,28,1.79,IN,2021-09-25 04:33:59
307,Kamiiso,41.8167,140.65,66.58,55,20,9.22,JP,2021-09-25 04:33:59
308,Menongue,-14.6585,17.691,62.44,29,0,6.64,AO,2021-09-25 04:33:59
309,Kedrovyy,56.1667,91.8167,39.61,77,100,8.79,RU,2021-09-25 04:34:00
310,Narsaq,60.9167,-46.05,32.22,41,0,4.79,GL,2021-09-25 04:34:00
311,Farmington,36.7281,-108.2187,70.48,25,1,3.44,US,2021-09-25 04:31:16
312,Rubiataba,-15.1644,-49.8033,81.27,39,89,3.89,BR,2021-09-25 04:34:01
313,Ozernovskiy,51.5,156.5167,49.24,80,100,17.05,RU,2021-09-25 04:34:01
314,Whitehorse,60.7161,-135.0538,41.77,63,75,17.0,CA,2021-09-25 04:30:11
315,Tiksi,71.6872,128.8694,34.11,84,100,19.3,RU,2021-09-25 04:34:01
316,Barcelos,41.5388,-8.6151,60.28,92,100,5.79,PT,2021-09-25 04:34:02
317,Slave Lake,55.2834,-114.769,62.58,45,90,9.22,CA,2021-09-25 04:30:09
318,Thunder Bay,48.4001,-89.3168,47.28,93,90,2.3,CA,2021-09-25 04:34:02
319,Van,38.4924,43.3831,52.95,87,75,4.61,TR,2021-09-25 04:34:02
320,Labuhan,-6.8844,112.2051,86.11,64,54,10.89,ID,2021-09-25 04:34:03
321,Billings,45.7833,-108.5007,64.36,44,1,9.22,US,2021-09-25 04:33:28
322,Omboue,-1.5746,9.2618,75.65,89,97,5.93,GA,2021-09-25 04:34:03
323,San Quintin,30.4833,-115.95,68.97,81,3,7.11,MX,2021-09-25 04:34:03
324,Lompoc,34.6391,-120.4579,62.02,96,90,3.44,US,2021-09-25 04:34:03
325,Ouahigouya,13.5828,-2.4216,80.64,55,66,6.31,BF,2021-09-25 04:34:04
326,Canyon Lake,29.8752,-98.2625,73.27,66,18,4.0,US,2021-09-25 04:34:04
327,Srandakan,-7.9386,110.2506,83.97,69,47,13.78,ID,2021-09-25 04:34:04
328,Novyy Urengoy,66.0833,76.6333,37.9,66,7,11.59,RU,2021-09-25 04:34:05
329,Wukari,7.85,9.7833,72.07,95,91,3.24,NG,2021-09-25 04:34:05
330,Madang,-5.2246,145.7966,85.14,68,16,8.41,PG,2021-09-25 04:34:05
331,Galle,6.0367,80.217,81.23,79,100,14.85,LK,2021-09-25 04:29:12
332,Castro,-24.7911,-50.0119,54.16,99,50,4.45,BR,2021-09-25 04:34:05
333,Mwene-Ditu,-7.0,23.45,67.21,77,11,1.9,CD,2021-09-25 04:34:06
334,Nioro,13.35,-15.75,75.16,94,40,1.05,GM,2021-09-25 04:34:06
335,Palu,-0.8917,119.8707,85.95,74,87,2.73,ID,2021-09-25 04:31:12
336,Sao Joao Del Rei,-21.1356,-44.2617,61.41,69,99,5.28,BR,2021-09-25 04:34:06
337,Juneau,58.3019,-134.4197,46.85,96,75,0.0,US,2021-09-25 04:30:10
338,Horta,38.5333,-28.6333,69.78,85,100,18.72,PT,2021-09-25 04:34:07
339,Fortuna,40.5982,-124.1573,64.18,71,1,0.0,US,2021-09-25 04:34:07
340,Glace Bay,46.1969,-59.957,62.58,97,90,4.0,CA,2021-09-25 04:34:07
341,Buchanan,5.8808,-10.0467,75.16,86,47,5.61,LR,2021-09-25 04:34:08
342,Xining,36.6167,101.7667,67.06,46,82,3.22,CN,2021-09-25 04:34:08
343,Antofagasta,-23.65,-70.4,58.28,77,3,2.48,CL,2021-09-25 04:34:08
344,Batticaloa,7.7102,81.6924,86.05,63,99,3.27,LK,2021-09-25 04:34:09
345,Leningradskiy,69.3833,178.4167,24.4,79,85,5.48,RU,2021-09-25 04:29:17
346,Aksay,47.26,39.87,53.82,82,100,11.99,RU,2021-09-25 04:34:09
347,Malanje,-9.5402,16.341,64.49,86,3,3.65,AO,2021-09-25 04:34:09
348,Ketou,7.3633,2.5998,73.58,95,98,1.01,BJ,2021-09-25 04:34:10
349,Banda Aceh,5.5577,95.3222,86.34,66,56,10.89,ID,2021-09-25 04:34:10
350,Luau,-10.7073,22.2247,66.16,45,61,1.97,AO,2021-09-25 04:34:10
351,Mollendo,-17.0231,-72.0147,61.93,77,4,7.58,PE,2021-09-25 04:34:10
352,Bucerias,20.75,-105.3333,81.99,87,80,3.83,MX,2021-09-25 04:34:11
353,Ust-Ishim,57.6935,71.1665,45.46,61,69,4.72,RU,2021-09-25 04:34:11
354,Santo Angelo,-28.2992,-54.2631,49.42,96,0,6.02,BR,2021-09-25 04:34:11
355,Rehoboth,-23.3167,17.0833,62.29,16,7,2.89,NA,2021-09-25 04:34:12
356,Batagay-Alyta,67.8006,130.4114,35.37,72,43,0.13,RU,2021-09-25 04:34:12
357,Port Macquarie,-31.4333,152.9167,75.88,55,85,14.72,AU,2021-09-25 04:31:27
358,Horice,50.3661,15.6318,60.03,95,66,4.56,CZ,2021-09-25 04:34:12
359,Kilindoni,-7.9139,39.6668,77.45,75,13,8.61,TZ,2021-09-25 04:34:13
360,Kharhial,20.2833,82.7667,86.47,69,100,3.22,IN,2021-09-25 04:34:13
361,Salalah,17.0151,54.0924,82.49,78,75,2.3,OM,2021-09-25 04:34:13
362,Kiruna,67.8557,20.2251,36.52,100,90,2.3,SE,2021-09-25 04:34:14
363,Vostok,46.4856,135.8833,60.87,44,96,3.33,RU,2021-09-25 04:34:14
364,Newport,51.5877,-2.9984,63.01,93,43,3.36,GB,2021-09-25 04:34:14
365,Flinders,-34.5833,150.8552,63.81,78,91,12.37,AU,2021-09-25 04:34:15
366,Abu Dhabi,24.4667,54.3667,89.62,79,0,4.61,AE,2021-09-25 04:34:15
367,Lebu,-37.6167,-73.65,51.57,94,14,4.56,CL,2021-09-25 04:34:15
368,Springfield,37.2153,-93.2982,67.17,75,1,4.0,US,2021-09-25 04:34:15
369,Quang Ngai,15.1167,108.8,80.17,87,100,6.13,VN,2021-09-25 04:30:54
370,Acurenam,1.0322,10.6488,67.21,99,100,0.65,GQ,2021-09-25 04:34:16
371,Vila Franca Do Campo,37.7167,-25.4333,69.19,82,99,8.61,PT,2021-09-25 04:34:16
372,Suruc,36.9761,38.425,62.8,30,0,5.39,TR,2021-09-25 04:34:16
373,Fairbanks,64.8378,-147.7164,34.61,91,90,2.3,US,2021-09-25 04:30:45
374,Plettenberg Bay,-34.0527,23.3716,58.84,71,50,2.33,ZA,2021-09-25 04:34:17
375,Rajura,19.7833,79.3667,84.61,76,88,3.53,IN,2021-09-25 04:34:17
376,Ibra,22.6906,58.5334,88.32,48,72,1.97,OM,2021-09-25 04:34:17
377,Hamilton,39.1834,-84.5333,61.25,82,1,0.0,US,2021-09-25 04:32:32
378,Kruisfontein,-34.0033,24.7314,55.89,74,37,5.28,ZA,2021-09-25 04:34:18
379,Bay Roberts,47.5999,-53.2648,47.34,85,17,3.0,CA,2021-09-25 04:34:18
380,Astana,51.1801,71.446,42.75,61,0,4.47,KZ,2021-09-25 04:31:18
381,Oranjemund,-28.55,16.4333,54.41,90,41,5.99,NA,2021-09-25 04:34:18
382,Tateyama,34.9833,139.8667,79.02,75,51,15.41,JP,2021-09-25 04:34:19
383,Thinadhoo,0.5333,72.9333,83.7,69,99,15.82,MV,2021-09-25 04:34:19
384,Nyuksenitsa,60.4128,44.2397,47.39,86,99,3.83,RU,2021-09-25 04:34:19
385,Aripuana,-9.1667,-60.6333,70.57,90,53,0.34,BR,2021-09-25 04:34:20
386,Farafangana,-22.8167,47.8333,73.0,75,31,10.42,MG,2021-09-25 04:34:20
387,Vardo,70.3705,31.1107,46.69,92,100,14.0,NO,2021-09-25 04:34:20
388,Maldonado,-34.6667,-54.9167,56.59,97,79,3.42,UY,2021-09-25 04:34:20
389,Uromi,6.7,6.3333,69.19,97,90,1.63,NG,2021-09-25 04:34:21
390,Ondjiva,-17.0667,15.7333,66.99,23,0,2.71,AO,2021-09-25 04:34:21
391,Hami,42.8,93.45,66.31,29,20,2.3,CN,2021-09-25 04:34:21
392,Artsvaberd,40.8336,45.4711,49.82,82,65,2.24,AM,2021-09-25 04:34:21
393,Nouadhibou,20.931,-17.0347,67.98,94,0,14.97,MR,2021-09-25 04:34:22
394,Hay River,60.8156,-115.7999,51.78,71,20,6.91,CA,2021-09-25 04:33:37
395,Guaymas,27.9333,-110.9,83.55,63,99,8.46,MX,2021-09-25 04:34:22
396,Maun,-19.9833,23.4167,64.36,42,0,8.05,BW,2021-09-25 04:34:22
397,Deder,9.3167,41.45,60.13,75,63,6.76,ET,2021-09-25 04:34:23
398,Anchorage,61.2181,-149.9003,37.74,91,75,0.0,US,2021-09-25 04:30:17
399,Stephenville,32.2207,-98.2023,69.8,50,1,0.0,US,2021-09-25 04:29:38
400,Lorengau,-2.0226,147.2712,85.05,69,54,11.5,PG,2021-09-25 04:34:23
401,Huangnihe,43.5583,128.0239,55.4,97,100,2.44,CN,2021-09-25 04:34:23
402,Namatanai,-3.6667,152.4333,83.84,71,60,9.48,PG,2021-09-25 04:34:24
403,Hokitika,-42.7167,170.9667,55.08,86,98,18.81,NZ,2021-09-25 04:34:24
404,Roma,43.2128,-75.4557,56.43,92,1,4.61,US,2021-09-25 04:32:35
405,Zhigansk,66.7697,123.3711,40.64,59,93,16.33,RU,2021-09-25 04:34:24
406,Boyolangu,-8.1181,111.8935,83.89,68,54,8.25,ID,2021-09-25 04:34:24
407,Port Hedland,-20.3167,118.5667,82.45,47,27,13.8,AU,2021-09-25 04:34:25
408,Morgan City,29.6994,-91.2068,66.02,100,1,4.61,US,2021-09-25 04:34:25
409,Chodavaram,17.8333,82.95,87.64,68,90,2.84,IN,2021-09-25 04:34:25
410,Asau,46.4333,26.4,48.76,93,68,5.46,RO,2021-09-25 04:34:26
411,La Ronge,55.1001,-105.2842,50.22,81,90,1.14,CA,2021-09-25 04:30:10
412,Nyurba,63.2842,118.3319,48.99,46,13,4.61,RU,2021-09-25 04:33:16
413,Male,4.1748,73.5089,81.59,74,100,18.37,MV,2021-09-25 04:29:32
414,Sao Filipe,14.8961,-24.4956,78.04,73,88,4.72,CV,2021-09-25 04:34:26
415,Touros,-5.1989,-35.4608,74.3,80,5,13.58,BR,2021-09-25 04:34:26
416,Bandundu,-3.3167,17.3667,71.19,85,88,1.83,CD,2021-09-25 04:34:26
417,Pontianak,-0.0333,109.3333,87.78,66,40,5.75,ID,2021-09-25 04:34:27
418,Cockburn Town,21.4612,-71.1419,82.35,74,100,7.49,TC,2021-09-25 04:34:27
419,Longyearbyen,78.2186,15.6401,40.84,87,75,3.44,SJ,2021-09-25 04:34:27
420,Severobaykalsk,55.65,109.3167,50.77,58,100,5.03,RU,2021-09-25 04:34:28
421,Berdigestyakh,62.0989,126.6992,44.15,60,7,10.89,RU,2021-09-25 04:34:28
422,Coahuayana,18.7333,-103.6833,76.78,91,94,3.56,MX,2021-09-25 04:34:28
423,Atar,20.5169,-13.0499,86.72,23,18,8.21,MR,2021-09-25 04:30:24
424,San Patricio,28.017,-97.5169,78.82,61,26,6.06,US,2021-09-25 04:34:29
425,Askino,56.0901,56.5783,52.12,48,100,9.71,RU,2021-09-25 04:34:29
426,Marystown,47.1666,-55.1483,51.85,100,2,1.01,CA,2021-09-25 04:31:28
427,Lerwick,60.1545,-1.1494,51.8,80,83,6.98,GB,2021-09-25 04:34:29
428,Ratnagiri,16.9833,73.3,81.99,78,75,4.65,IN,2021-09-25 04:34:30
429,Imbituba,-28.24,-48.6703,62.82,91,83,2.73,BR,2021-09-25 04:34:30
430,Atambua,-9.1061,124.8925,83.7,51,15,4.18,ID,2021-09-25 04:34:30
431,Pevek,69.7008,170.3133,28.31,87,100,15.66,RU,2021-09-25 04:34:31
432,Manyana,-23.4,21.7167,63.21,31,4,6.51,BW,2021-09-25 04:34:31
433,San Juan De Los Morros,9.9115,-67.3538,69.62,96,22,0.56,VE,2021-09-25 04:31:27
434,Pangai,-19.8,-174.35,75.31,53,20,8.05,TO,2021-09-25 04:34:31
435,Salta,-24.7859,-65.4117,54.57,61,0,4.0,AR,2021-09-25 04:34:31
436,Vila,42.0304,-8.1588,54.21,94,100,3.76,PT,2021-09-25 04:34:32
437,Rocha,-34.4833,-54.3333,51.87,98,43,2.51,UY,2021-09-25 04:34:32
438,Bull Savanna,17.8868,-77.5902,76.26,84,10,4.9,JM,2021-09-25 04:34:32
439,Nizhniy Tsasuchey,50.5167,115.1333,64.9,57,40,15.79,RU,2021-09-25 04:34:32
440,Shaowu,27.3409,117.4831,90.09,47,23,3.58,CN,2021-09-25 04:34:33
441,Tual,-5.6667,132.75,80.69,83,46,17.76,ID,2021-09-25 04:34:33
442,Valera,9.3178,-70.6036,72.41,82,92,5.66,VE,2021-09-25 04:34:33
443,Sioux Lookout,50.1001,-91.917,48.27,81,90,8.05,CA,2021-09-25 04:34:34
444,Kodinsk,58.6881,99.1844,42.51,65,93,2.75,RU,2021-09-25 04:32:11
445,Ribeira Grande,38.5167,-28.7,70.63,85,100,20.92,PT,2021-09-25 04:34:34
446,Cap-Aux-Meules,47.3821,-61.8597,59.88,94,68,21.85,CA,2021-09-25 04:30:05
447,Kjollefjord,70.9457,27.3465,45.32,89,100,8.7,NO,2021-09-25 04:34:34
448,Brebes,-6.8706,109.0369,86.65,60,26,8.61,ID,2021-09-25 04:34:34
449,Punta Alta,-38.8759,-62.0736,56.05,78,0,13.38,AR,2021-09-25 04:34:35
450,Preobrazheniye,42.9019,133.9064,65.68,64,95,8.05,RU,2021-09-25 04:34:35
451,Sorbhog,26.5,90.8667,89.1,66,7,8.03,IN,2021-09-25 04:34:35
452,Karatau,43.1667,70.4667,61.29,22,0,5.03,KZ,2021-09-25 04:34:36
453,San Jose,37.3394,-121.895,71.71,74,75,1.99,US,2021-09-25 04:30:45
454,Morondava,-20.2833,44.2833,77.18,56,2,5.66,MG,2021-09-25 04:34:36
455,Bambanglipuro,-7.95,110.2833,84.15,68,48,13.62,ID,2021-09-25 04:32:15
456,Pangnirtung,66.1451,-65.7125,32.2,51,41,3.76,CA,2021-09-25 04:34:36
457,Pontes E Lacerda,-15.2261,-59.3353,79.18,40,8,1.05,BR,2021-09-25 04:34:36
458,Teknaf,20.8624,92.3058,85.32,76,100,9.51,BD,2021-09-25 04:34:37
459,Southampton,50.904,-1.4043,64.0,89,47,1.7,GB,2021-09-25 04:30:41
460,Serebryanyy Bor,56.8,124.8,47.59,71,100,2.3,RU,2021-09-25 04:34:37
461,Ostrovnoy,68.0531,39.5131,47.07,92,100,16.06,RU,2021-09-25 04:34:38
462,Ciudad Bolivar,8.1222,-63.5497,76.75,86,100,2.8,VE,2021-09-25 04:34:38
463,Tuatapere,-46.1333,167.6833,45.82,86,70,13.51,NZ,2021-09-25 04:34:38
464,Pingliang,35.5392,106.6861,59.43,98,100,3.02,CN,2021-09-25 04:34:39
465,Asuncion,-25.3007,-57.6359,58.89,82,0,4.61,PY,2021-09-25 04:32:18
466,Matagami,49.7502,-77.6328,46.51,93,90,12.66,CA,2021-09-25 04:34:39
467,Laguna,38.421,-121.4238,82.22,45,1,4.0,US,2021-09-25 04:34:39
468,Sarahan,31.5167,77.8,70.16,58,0,5.86,IN,2021-09-25 04:34:40
469,Negombo,7.2083,79.8358,82.45,83,20,5.75,LK,2021-09-25 04:34:40
470,Haines Junction,60.7522,-137.5108,39.15,60,65,6.91,CA,2021-09-25 04:34:40
471,Bacalar,18.6667,-88.3833,74.82,95,79,2.17,MX,2021-09-25 04:34:40
472,Chicama,-7.8447,-79.1469,64.83,82,39,5.32,PE,2021-09-25 04:34:41
473,Ilovka,50.7053,38.637,47.48,91,100,5.86,RU,2021-09-25 04:34:41
474,Bandarbeyla,9.4942,50.8122,82.45,61,86,26.11,SO,2021-09-25 04:34:41
475,Port-Gentil,-0.7193,8.7815,77.09,87,100,9.93,GA,2021-09-25 04:34:41
476,Muros,42.7762,-9.0603,63.23,94,81,7.11,ES,2021-09-25 04:34:42
477,San Andres,12.5847,-81.7006,77.02,94,75,0.0,CO,2021-09-25 04:30:06
478,Kanda,33.7833,130.9833,82.26,69,75,9.22,JP,2021-09-25 04:34:42
479,Olinda,-8.0089,-34.8553,76.73,73,40,12.66,BR,2021-09-25 04:34:42
480,Lagoa,39.05,-27.9833,70.03,82,100,20.83,PT,2021-09-25 04:34:43
481,Pestravka,52.405,49.9583,55.92,57,58,11.97,RU,2021-09-25 04:34:43
482,Llangefni,53.2556,-4.3106,63.66,94,90,2.3,GB,2021-09-25 04:34:43
483,Arari,-3.4536,-44.78,73.22,97,62,3.24,BR,2021-09-25 04:34:43
484,Pisco,-13.7,-76.2167,61.02,82,12,8.05,PE,2021-09-25 04:34:44
485,Tucupita,9.0622,-62.051,73.42,98,55,2.42,VE,2021-09-25 04:34:44
486,Sibolga,1.7427,98.7792,87.49,63,89,6.4,ID,2021-09-25 04:34:44
487,San Lorenzo,-25.3333,-57.5333,58.59,82,0,5.01,PY,2021-09-25 04:32:49
488,Turukhansk,65.8167,87.9833,38.37,77,16,12.28,RU,2021-09-25 04:34:44
489,Bubaque,11.2833,-15.8333,80.47,79,81,3.24,GW,2021-09-25 04:34:45
490,Cascais,38.6979,-9.4215,66.47,78,5,1.01,PT,2021-09-25 04:34:45
491,Elliot Lake,46.3834,-82.6331,60.89,90,33,8.99,CA,2021-09-25 04:34:45
492,Tessalit,20.1986,1.0114,83.25,11,2,10.04,ML,2021-09-25 04:34:45
493,Ust-Koksa,50.2696,85.6108,43.05,47,77,1.01,RU,2021-09-25 04:34:46
494,Huejuquilla El Alto,22.6,-103.8667,60.89,89,97,4.27,MX,2021-09-25 04:34:46
495,Dudinka,69.4058,86.1778,39.43,51,90,1.95,RU,2021-09-25 04:32:15
496,Charagua,-19.8,-63.2167,60.96,48,40,3.8,BO,2021-09-25 04:34:46
497,Khorixas,-20.3667,14.9667,65.03,21,0,2.57,NA,2021-09-25 04:34:47
498,Canutama,-6.5339,-64.3831,73.53,93,98,1.19,BR,2021-09-25 04:34:47
499,Hovd,48.0056,91.6419,44.85,31,27,4.94,MN,2021-09-25 04:34:47
500,Dafeng,23.4517,108.5881,89.22,56,86,5.7,CN,2021-09-25 04:34:47
501,Walvis Bay,-22.9575,14.5053,54.09,100,3,3.44,NA,2021-09-25 04:34:48
502,Lufilufi,-13.8745,-171.5986,85.78,69,27,6.62,WS,2021-09-25 04:34:48
503,Todos Santos,23.45,-110.2167,83.1,88,1,5.01,MX,2021-09-25 04:34:48
504,Rayagada,19.1667,83.4167,85.32,77,91,0.98,IN,2021-09-25 04:34:48
505,Asha,54.9973,57.2722,51.06,49,100,5.32,RU,2021-09-25 04:34:49
506,Tsukumi,33.0706,131.8572,83.3,69,76,4.56,JP,2021-09-25 04:34:49
507,Kyren,51.6828,102.1408,37.92,97,100,2.89,RU,2021-09-25 04:34:49
508,Sitka,57.0531,-135.33,48.09,81,75,11.5,US,2021-09-25 04:34:50
509,Vernon,50.2581,-119.2691,65.14,60,98,5.75,CA,2021-09-25 04:34:50
510,Umm Kaddadah,13.6017,26.6876,78.66,70,100,10.87,SD,2021-09-25 04:34:50
511,Sabang,5.8933,95.3214,82.47,77,82,13.38,ID,2021-09-25 04:34:50
512,Shubarkuduk,49.1447,56.4872,63.91,19,74,22.3,KZ,2021-09-25 04:34:51
513,Adre,13.4667,22.2,75.07,61,83,6.87,TD,2021-09-25 04:34:51
514,Poum,-20.2333,164.0167,71.53,68,31,3.27,NC,2021-09-25 04:34:51
515,Vung Tau,10.346,107.0843,83.75,70,80,6.04,VN,2021-09-25 04:31:53
516,Sur,22.5667,59.5289,89.46,55,100,2.89,OM,2021-09-25 04:34:52
517,Gariaband,20.635,82.0614,83.75,62,96,2.53,IN,2021-09-25 04:34:52
518,Koshurnikovo,54.1667,93.3,38.7,66,100,5.03,RU,2021-09-25 04:34:52
519,San,13.3034,-4.8956,78.24,65,40,5.57,ML,2021-09-25 04:34:52
520,Ahuimanu,21.4447,-157.8378,80.31,76,90,16.11,US,2021-09-25 04:34:53
521,Viransehir,37.2353,39.7631,65.77,36,0,0.4,TR,2021-09-25 04:34:53
522,Pontian Kecil,1.4801,103.3899,93.29,70,38,5.26,MY,2021-09-25 04:34:53
523,Indianola,41.3581,-93.5574,55.99,89,35,6.29,US,2021-09-25 04:34:54
524,Ishigaki,24.3448,124.1572,86.13,79,75,17.27,JP,2021-09-25 04:34:54
525,Santiago De Cao,-7.9589,-79.2392,62.28,88,53,11.1,PE,2021-09-25 04:34:54
526,Kibala,9.1104,18.3463,73.35,88,0,6.91,TD,2021-09-25 04:34:54
527,Akonolinga,3.7667,12.25,66.27,99,100,1.25,CM,2021-09-25 04:34:55
528,Vila Velha,-20.3297,-40.2925,64.35,88,40,2.3,BR,2021-09-25 04:34:55
529,Chichester,50.8367,-0.78,64.0,96,40,3.51,GB,2021-09-25 04:34:55
530,Los Llanos De Aridane,28.6585,-17.9182,66.13,71,0,8.05,ES,2021-09-25 04:34:56
531,Khuzhir,53.1939,107.3397,46.49,87,100,14.45,RU,2021-09-25 04:34:56
532,Vieux-Habitants,16.0589,-61.7659,78.37,81,3,9.93,GP,2021-09-25 04:34:56
533,Concepcion Del Uruguay,-32.4825,-58.2372,53.98,90,13,1.01,AR,2021-09-25 04:34:57
534,Ocean City,39.2776,-74.5746,64.0,76,0,4.0,US,2021-09-25 04:30:13
535,Waipawa,-41.4122,175.5153,56.03,63,9,18.97,NZ,2021-09-25 04:34:57
536,Hofn,64.2539,-15.2082,38.93,76,100,13.24,IS,2021-09-25 04:34:57
537,Lodja,-3.4833,23.4333,68.99,92,97,0.96,CD,2021-09-25 04:34:57
538,Palmer,42.1584,-72.3287,64.22,85,1,0.0,US,2021-09-25 04:34:58
539,Puro,12.4841,123.3827,86.74,67,58,5.73,PH,2021-09-25 04:34:58
540,Sembe,1.6481,14.5806,67.59,98,100,1.92,CG,2021-09-25 04:34:59
541,Bonavista,48.6499,-53.1147,44.11,74,14,3.15,CA,2021-09-25 04:34:59
542,Shizunai,42.3339,142.3669,62.53,61,3,7.09,JP,2021-09-25 04:30:59
543,Shakiso,5.75,38.9167,57.81,94,100,2.08,ET,2021-09-25 04:34:59
544,Itapirapua,-15.8233,-50.6133,82.62,38,50,2.48,BR,2021-09-25 04:35:00
545,Skovorodino,53.9833,123.9167,62.73,52,25,2.51,RU,2021-09-25 04:35:00
546,Port Blair,11.6667,92.75,83.77,77,100,15.28,IN,2021-09-25 04:35:00
547,Santander,43.4647,-3.8044,66.31,93,0,8.01,ES,2021-09-25 04:35:00
548,Asyut,27.181,31.1837,71.78,50,0,10.49,EG,2021-09-25 04:35:01
549,Port Augusta,-32.5,137.7667,71.71,32,3,12.86,AU,2021-09-25 04:35:01
550,Codrington,-38.2667,141.9667,52.03,59,75,12.28,AU,2021-09-25 04:35:01
551,Zarubino,42.63,131.0922,64.8,82,100,10.51,RU,2021-09-25 04:32:17
552,Fare,-16.7,-151.0167,78.12,64,9,3.36,PF,2021-09-25 04:35:02
553,Kemijarvi,66.7131,27.4306,43.86,89,99,9.6,FI,2021-09-25 04:35:02
554,Dauriya,49.9333,116.8667,64.74,58,20,13.85,RU,2021-09-25 04:35:04
555,Bontang,0.1333,117.5,82.85,73,37,6.04,ID,2021-09-25 04:35:04
556,Paracuru,-3.41,-39.0306,80.62,80,35,13.96,BR,2021-09-25 04:35:05
557,Erenhot,43.6475,111.9767,76.03,36,0,9.31,CN,2021-09-25 04:35:05
558,Vesoul,47.5833,5.8333,59.49,92,22,3.6,FR,2021-09-25 04:35:05
559,Mareeba,-17.0,145.4333,83.44,59,45,10.31,AU,2021-09-25 04:35:05
560,Karata,42.5949,46.3393,46.09,88,89,2.59,RU,2021-09-25 04:35:06
561,Xichang,27.8964,102.2634,78.57,64,16,4.81,CN,2021-09-25 04:35:06
